city,date,temperature,humidity,season
Hanoi,2016-01-01,13.4,87.8,winter
Ho Chi Minh City,2016-01-01,27.7,69.1,dry
Hanoi,2016-01-02,15.2,75.2,winter
Ho Chi Minh City,2016-01-02,26.6,69.9,dry
Hanoi,2016-01-03,19.2,86.0,winter
Ho Chi Minh City,2016-01-03,25.8,74.8,dry
Hanoi,2016-01-04,12.8,85.4,winter
Ho Chi Minh City,2016-01-04,24.0,66.7,dry
Hanoi,2016-01-05,16.8,88.3,winter
Ho Chi Minh City,2016-01-05,25.2,66.0,dry
Hanoi,2016-01-06,17.2,89.8,winter
Ho Chi Minh City,2016-01-06,25.9,64.0,dry
Hanoi,2016-01-07,18.9,88.9,winter
Ho Chi Minh City,2016-01-07,25.1,70.3,dry
Hanoi,2016-01-08,13.6,70.3,winter
Ho Chi Minh City,2016-01-08,25.3,77.9,dry
Hanoi,2016-01-09,16.1,87.5,winter
Ho Chi Minh City,2016-01-09,24.3,66.5,dry
Hanoi,2016-01-10,15.8,85.2,winter
Ho Chi Minh City,2016-01-10,27.7,68.3,dry
Hanoi,2016-01-11,19.0,80.0,winter
Ho Chi Minh City,2016-01-11,27.2,76.3,dry
Hanoi,2016-01-12,15.9,87.0,winter
Ho Chi Minh City,2016-01-12,25.1,67.4,dry
Hanoi,2016-01-13,13.2,80.5,winter
Ho Chi Minh City,2016-01-13,26.6,76.4,dry
Hanoi,2016-01-14,13.2,76.2,winter
Ho Chi Minh City,2016-01-14,24.3,77.0,dry
Hanoi,2016-01-15,19.2,73.8,winter
Ho Chi Minh City,2016-01-15,27.8,69.1,dry
Hanoi,2016-01-16,14.3,83.4,winter
Ho Chi Minh City,2016-01-16,25.5,77.8,dry
Hanoi,2016-01-17,17.2,89.8,winter
Ho Chi Minh City,2016-01-17,27.9,64.9,dry
Hanoi,2016-01-18,15.6,83.5,winter
Ho Chi Minh City,2016-01-18,26.6,68.1,dry
Hanoi,2016-01-19,17.2,84.4,winter
Ho Chi Minh City,2016-01-19,27.1,67.1,dry
Hanoi,2016-01-20,13.2,86.7,winter
Ho Chi Minh City,2016-01-20,24.1,65.8,dry
Hanoi,2016-01-21,18.5,71.0,winter
Ho Chi Minh City,2016-01-21,24.8,69.6,dry
Hanoi,2016-01-22,14.1,77.2,winter
Ho Chi Minh City,2016-01-22,24.6,64.2,dry
Hanoi,2016-01-23,13.2,73.0,winter
Ho Chi Minh City,2016-01-23,24.6,62.5,dry
Hanoi,2016-01-24,17.6,83.5,winter
Ho Chi Minh City,2016-01-24,25.8,64.0,dry
Hanoi,2016-01-25,13.7,82.2,winter
Ho Chi Minh City,2016-01-25,25.1,73.4,dry
Hanoi,2016-01-26,15.1,75.6,winter
Ho Chi Minh City,2016-01-26,27.5,64.7,dry
Hanoi,2016-01-27,13.2,89.5,winter
Ho Chi Minh City,2016-01-27,27.8,64.0,dry
Hanoi,2016-01-28,13.4,76.8,winter
Ho Chi Minh City,2016-01-28,26.0,75.6,dry
Hanoi,2016-01-29,16.5,74.3,winter
Ho Chi Minh City,2016-01-29,26.5,68.2,dry
Hanoi,2016-01-30,15.2,73.8,winter
Ho Chi Minh City,2016-01-30,27.8,64.0,dry
Hanoi,2016-01-31,13.1,82.0,winter
Ho Chi Minh City,2016-01-31,26.4,64.0,dry
Hanoi,2016-02-01,17.8,79.5,winter
Ho Chi Minh City,2016-02-01,26.4,67.5,dry
Hanoi,2016-02-02,14.4,92.0,winter
Ho Chi Minh City,2016-02-02,26.4,69.8,dry
Hanoi,2016-02-03,13.9,82.8,winter
Ho Chi Minh City,2016-02-03,26.4,77.4,dry
Hanoi,2016-02-04,15.3,87.7,winter
Ho Chi Minh City,2016-02-04,27.0,76.8,dry
Hanoi,2016-02-05,18.2,74.5,winter
Ho Chi Minh City,2016-02-05,26.0,65.0,dry
Hanoi,2016-02-06,18.0,74.2,winter
Ho Chi Minh City,2016-02-06,26.4,69.9,dry
Hanoi,2016-02-07,19.0,73.7,winter
Ho Chi Minh City,2016-02-07,27.4,71.4,dry
Hanoi,2016-02-08,13.8,76.6,winter
Ho Chi Minh City,2016-02-08,28.2,66.3,dry
Hanoi,2016-02-09,15.1,90.0,winter
Ho Chi Minh City,2016-02-09,28.5,68.9,dry
Hanoi,2016-02-10,17.7,79.0,winter
Ho Chi Minh City,2016-02-10,26.4,74.4,dry
Hanoi,2016-02-11,17.8,87.4,winter
Ho Chi Minh City,2016-02-11,26.9,75.9,dry
Hanoi,2016-02-12,13.7,87.4,winter
Ho Chi Minh City,2016-02-12,26.5,64.4,dry
Hanoi,2016-02-13,16.7,80.8,winter
Ho Chi Minh City,2016-02-13,27.6,78.0,dry
Hanoi,2016-02-14,14.9,87.6,winter
Ho Chi Minh City,2016-02-14,27.8,77.5,dry
Hanoi,2016-02-15,18.2,83.6,winter
Ho Chi Minh City,2016-02-15,27.9,63.8,dry
Hanoi,2016-02-16,17.8,79.2,winter
Ho Chi Minh City,2016-02-16,28.6,77.9,dry
Hanoi,2016-02-17,20.2,77.7,winter
Ho Chi Minh City,2016-02-17,26.2,74.7,dry
Hanoi,2016-02-18,15.9,76.1,winter
Ho Chi Minh City,2016-02-18,27.5,65.4,dry
Hanoi,2016-02-19,17.3,90.5,winter
Ho Chi Minh City,2016-02-19,27.3,68.6,dry
Hanoi,2016-02-20,18.4,91.4,winter
Ho Chi Minh City,2016-02-20,26.9,65.8,dry
Hanoi,2016-02-21,20.2,86.8,winter
Ho Chi Minh City,2016-02-21,29.0,68.0,dry
Hanoi,2016-02-22,14.8,87.4,winter
Ho Chi Minh City,2016-02-22,25.6,66.5,dry
Hanoi,2016-02-23,15.5,82.5,winter
Ho Chi Minh City,2016-02-23,27.7,75.4,dry
Hanoi,2016-02-24,16.4,91.4,winter
Ho Chi Minh City,2016-02-24,25.4,73.6,dry
Hanoi,2016-02-25,16.2,85.8,winter
Ho Chi Minh City,2016-02-25,26.9,65.0,dry
Hanoi,2016-02-26,20.0,91.3,winter
Ho Chi Minh City,2016-02-26,27.5,70.1,dry
Hanoi,2016-02-27,18.1,89.3,winter
Ho Chi Minh City,2016-02-27,26.0,66.5,dry
Hanoi,2016-02-28,18.5,77.7,winter
Ho Chi Minh City,2016-02-28,27.9,73.9,dry
Hanoi,2016-02-29,15.6,80.4,winter
Ho Chi Minh City,2016-02-29,28.9,71.2,dry
Hanoi,2016-03-01,22.9,87.2,spring
Ho Chi Minh City,2016-03-01,29.0,72.5,dry
Hanoi,2016-03-02,18.6,86.9,spring
Ho Chi Minh City,2016-03-02,27.4,63.3,dry
Hanoi,2016-03-03,19.5,88.5,spring
Ho Chi Minh City,2016-03-03,26.9,63.8,dry
Hanoi,2016-03-04,23.2,92.4,spring
Ho Chi Minh City,2016-03-04,27.3,76.3,dry
Hanoi,2016-03-05,17.9,86.2,spring
Ho Chi Minh City,2016-03-05,29.4,70.4,dry
Hanoi,2016-03-06,18.8,93.4,spring
Ho Chi Minh City,2016-03-06,29.0,74.0,dry
Hanoi,2016-03-07,22.6,89.3,spring
Ho Chi Minh City,2016-03-07,27.2,74.4,dry
Hanoi,2016-03-08,22.1,79.4,spring
Ho Chi Minh City,2016-03-08,27.9,73.8,dry
Hanoi,2016-03-09,21.4,81.6,spring
Ho Chi Minh City,2016-03-09,26.5,65.4,dry
Hanoi,2016-03-10,22.8,75.6,spring
Ho Chi Minh City,2016-03-10,28.0,68.1,dry
Hanoi,2016-03-11,23.2,92.1,spring
Ho Chi Minh City,2016-03-11,26.8,72.9,dry
Hanoi,2016-03-12,18.3,89.0,spring
Ho Chi Minh City,2016-03-12,26.2,65.1,dry
Hanoi,2016-03-13,23.2,77.9,spring
Ho Chi Minh City,2016-03-13,26.8,66.9,dry
Hanoi,2016-03-14,18.7,82.7,spring
Ho Chi Minh City,2016-03-14,26.6,65.3,dry
Hanoi,2016-03-15,21.2,76.0,spring
Ho Chi Minh City,2016-03-15,28.2,66.5,dry
Hanoi,2016-03-16,18.7,93.5,spring
Ho Chi Minh City,2016-03-16,27.5,77.2,dry
Hanoi,2016-03-17,20.6,88.1,spring
Ho Chi Minh City,2016-03-17,27.1,72.0,dry
Hanoi,2016-03-18,23.5,83.2,spring
Ho Chi Minh City,2016-03-18,29.8,69.6,dry
Hanoi,2016-03-19,19.7,93.1,spring
Ho Chi Minh City,2016-03-19,29.4,63.6,dry
Hanoi,2016-03-20,20.3,88.5,spring
Ho Chi Minh City,2016-03-20,26.8,65.6,dry
Hanoi,2016-03-21,22.3,89.3,spring
Ho Chi Minh City,2016-03-21,29.4,63.6,dry
Hanoi,2016-03-22,16.6,87.9,spring
Ho Chi Minh City,2016-03-22,27.5,77.0,dry
Hanoi,2016-03-23,18.8,87.6,spring
Ho Chi Minh City,2016-03-23,26.0,67.6,dry
Hanoi,2016-03-24,20.8,76.2,spring
Ho Chi Minh City,2016-03-24,29.4,62.3,dry
Hanoi,2016-03-25,21.3,91.9,spring
Ho Chi Minh City,2016-03-25,28.8,66.9,dry
Hanoi,2016-03-26,16.6,92.5,spring
Ho Chi Minh City,2016-03-26,28.4,71.3,dry
Hanoi,2016-03-27,21.0,85.5,spring
Ho Chi Minh City,2016-03-27,28.9,76.0,dry
Hanoi,2016-03-28,16.9,85.9,spring
Ho Chi Minh City,2016-03-28,28.5,62.5,dry
Hanoi,2016-03-29,20.2,75.4,spring
Ho Chi Minh City,2016-03-29,26.3,77.8,dry
Hanoi,2016-03-30,20.3,82.9,spring
Ho Chi Minh City,2016-03-30,28.1,66.2,dry
Hanoi,2016-03-31,17.7,92.4,spring
Ho Chi Minh City,2016-03-31,29.2,66.5,dry
Hanoi,2016-04-01,27.3,79.3,spring
Ho Chi Minh City,2016-04-01,30.3,78.7,dry
Hanoi,2016-04-02,26.0,81.5,spring
Ho Chi Minh City,2016-04-02,31.0,82.3,dry
Hanoi,2016-04-03,24.6,77.8,spring
Ho Chi Minh City,2016-04-03,29.7,70.8,dry
Hanoi,2016-04-04,21.3,91.7,spring
Ho Chi Minh City,2016-04-04,29.9,71.8,dry
Hanoi,2016-04-05,21.8,94.7,spring
Ho Chi Minh City,2016-04-05,28.6,73.1,dry
Hanoi,2016-04-06,20.8,76.1,spring
Ho Chi Minh City,2016-04-06,29.8,67.8,dry
Hanoi,2016-04-07,24.2,91.3,spring
Ho Chi Minh City,2016-04-07,27.8,77.8,dry
Hanoi,2016-04-08,21.4,82.1,spring
Ho Chi Minh City,2016-04-08,29.5,67.4,dry
Hanoi,2016-04-09,25.5,77.9,spring
Ho Chi Minh City,2016-04-09,28.4,75.8,dry
Hanoi,2016-04-10,23.0,80.5,spring
Ho Chi Minh City,2016-04-10,30.7,80.3,dry
Hanoi,2016-04-11,23.7,76.0,spring
Ho Chi Minh City,2016-04-11,27.6,75.4,dry
Hanoi,2016-04-12,21.4,81.3,spring
Ho Chi Minh City,2016-04-12,28.6,80.7,dry
Hanoi,2016-04-13,21.3,91.6,spring
Ho Chi Minh City,2016-04-13,30.0,70.2,dry
Hanoi,2016-04-14,22.7,83.6,spring
Ho Chi Minh City,2016-04-14,27.6,71.7,dry
Hanoi,2016-04-15,21.2,91.7,spring
Ho Chi Minh City,2016-04-15,29.2,69.8,dry
Hanoi,2016-04-16,26.7,91.3,spring
Ho Chi Minh City,2016-04-16,27.4,80.9,dry
Hanoi,2016-04-17,23.8,87.6,spring
Ho Chi Minh City,2016-04-17,28.9,73.4,dry
Hanoi,2016-04-18,25.7,77.4,spring
Ho Chi Minh City,2016-04-18,29.3,81.5,dry
Hanoi,2016-04-19,23.8,81.9,spring
Ho Chi Minh City,2016-04-19,29.7,82.9,dry
Hanoi,2016-04-20,22.0,83.7,spring
Ho Chi Minh City,2016-04-20,28.1,80.6,dry
Hanoi,2016-04-21,23.5,77.3,spring
Ho Chi Minh City,2016-04-21,29.0,68.9,dry
Hanoi,2016-04-22,22.9,93.1,spring
Ho Chi Minh City,2016-04-22,28.3,72.7,dry
Hanoi,2016-04-23,25.6,93.9,spring
Ho Chi Minh City,2016-04-23,27.9,82.1,dry
Hanoi,2016-04-24,21.2,86.6,spring
Ho Chi Minh City,2016-04-24,27.5,72.4,dry
Hanoi,2016-04-25,26.3,81.9,spring
Ho Chi Minh City,2016-04-25,28.8,68.1,dry
Hanoi,2016-04-26,22.9,78.8,spring
Ho Chi Minh City,2016-04-26,27.7,69.9,dry
Hanoi,2016-04-27,21.5,83.7,spring
Ho Chi Minh City,2016-04-27,27.3,69.0,dry
Hanoi,2016-04-28,26.0,83.7,spring
Ho Chi Minh City,2016-04-28,29.9,70.7,dry
Hanoi,2016-04-29,23.9,88.2,spring
Ho Chi Minh City,2016-04-29,28.4,77.4,dry
Hanoi,2016-04-30,24.4,91.7,spring
Ho Chi Minh City,2016-04-30,27.6,81.9,dry
Hanoi,2016-05-01,24.8,84.8,summer
Ho Chi Minh City,2016-05-01,28.3,83.6,wet
Hanoi,2016-05-02,30.8,72.5,summer
Ho Chi Minh City,2016-05-02,27.6,80.8,wet
Hanoi,2016-05-03,26.4,79.1,summer
Ho Chi Minh City,2016-05-03,27.8,87.7,wet
Hanoi,2016-05-04,24.5,85.5,summer
Ho Chi Minh City,2016-05-04,27.3,79.4,wet
Hanoi,2016-05-05,30.0,75.2,summer
Ho Chi Minh City,2016-05-05,28.9,78.6,wet
Hanoi,2016-05-06,29.0,72.8,summer
Ho Chi Minh City,2016-05-06,28.7,85.6,wet
Hanoi,2016-05-07,30.2,77.2,summer
Ho Chi Minh City,2016-05-07,28.9,87.6,wet
Hanoi,2016-05-08,26.1,70.8,summer
Ho Chi Minh City,2016-05-08,29.1,85.8,wet
Hanoi,2016-05-09,25.7,89.7,summer
Ho Chi Minh City,2016-05-09,30.1,77.8,wet
Hanoi,2016-05-10,25.3,83.9,summer
Ho Chi Minh City,2016-05-10,28.8,74.0,wet
Hanoi,2016-05-11,25.5,86.4,summer
Ho Chi Minh City,2016-05-11,29.2,72.6,wet
Hanoi,2016-05-12,28.3,84.5,summer
Ho Chi Minh City,2016-05-12,28.7,87.3,wet
Hanoi,2016-05-13,28.2,89.5,summer
Ho Chi Minh City,2016-05-13,28.6,86.8,wet
Hanoi,2016-05-14,28.5,89.0,summer
Ho Chi Minh City,2016-05-14,28.0,82.3,wet
Hanoi,2016-05-15,29.3,79.3,summer
Ho Chi Minh City,2016-05-15,29.1,80.4,wet
Hanoi,2016-05-16,25.6,89.6,summer
Ho Chi Minh City,2016-05-16,30.7,85.9,wet
Hanoi,2016-05-17,26.4,88.1,summer
Ho Chi Minh City,2016-05-17,28.2,85.4,wet
Hanoi,2016-05-18,31.3,87.6,summer
Ho Chi Minh City,2016-05-18,30.3,87.7,wet
Hanoi,2016-05-19,26.6,84.3,summer
Ho Chi Minh City,2016-05-19,28.2,81.5,wet
Hanoi,2016-05-20,29.6,80.1,summer
Ho Chi Minh City,2016-05-20,29.2,76.7,wet
Hanoi,2016-05-21,29.6,78.6,summer
Ho Chi Minh City,2016-05-21,28.7,78.3,wet
Hanoi,2016-05-22,27.8,82.3,summer
Ho Chi Minh City,2016-05-22,27.2,77.6,wet
Hanoi,2016-05-23,24.6,86.7,summer
Ho Chi Minh City,2016-05-23,28.0,85.9,wet
Hanoi,2016-05-24,25.3,78.1,summer
Ho Chi Minh City,2016-05-24,30.7,82.8,wet
Hanoi,2016-05-25,29.1,86.0,summer
Ho Chi Minh City,2016-05-25,28.6,87.6,wet
Hanoi,2016-05-26,27.0,83.0,summer
Ho Chi Minh City,2016-05-26,27.9,74.7,wet
Hanoi,2016-05-27,28.8,72.0,summer
Ho Chi Minh City,2016-05-27,30.9,74.6,wet
Hanoi,2016-05-28,30.9,76.5,summer
Ho Chi Minh City,2016-05-28,29.1,74.1,wet
Hanoi,2016-05-29,27.1,84.1,summer
Ho Chi Minh City,2016-05-29,29.8,73.4,wet
Hanoi,2016-05-30,26.1,74.3,summer
Ho Chi Minh City,2016-05-30,28.2,73.5,wet
Hanoi,2016-05-31,28.3,79.7,summer
Ho Chi Minh City,2016-05-31,28.6,74.1,wet
Hanoi,2016-06-01,30.0,84.5,summer
Ho Chi Minh City,2016-06-01,27.2,83.1,wet
Hanoi,2016-06-02,31.5,86.9,summer
Ho Chi Minh City,2016-06-02,26.3,77.8,wet
Hanoi,2016-06-03,27.3,79.8,summer
Ho Chi Minh City,2016-06-03,27.5,75.1,wet
Hanoi,2016-06-04,29.4,70.9,summer
Ho Chi Minh City,2016-06-04,30.0,77.4,wet
Hanoi,2016-06-05,26.7,73.0,summer
Ho Chi Minh City,2016-06-05,28.4,89.0,wet
Hanoi,2016-06-06,29.7,78.7,summer
Ho Chi Minh City,2016-06-06,26.9,75.7,wet
Hanoi,2016-06-07,32.1,76.5,summer
Ho Chi Minh City,2016-06-07,29.9,78.1,wet
Hanoi,2016-06-08,29.9,75.2,summer
Ho Chi Minh City,2016-06-08,29.7,76.2,wet
Hanoi,2016-06-09,28.1,72.3,summer
Ho Chi Minh City,2016-06-09,28.9,86.1,wet
Hanoi,2016-06-10,26.5,83.6,summer
Ho Chi Minh City,2016-06-10,27.1,83.2,wet
Hanoi,2016-06-11,31.6,83.7,summer
Ho Chi Minh City,2016-06-11,27.0,79.2,wet
Hanoi,2016-06-12,29.1,84.2,summer
Ho Chi Minh City,2016-06-12,28.5,88.6,wet
Hanoi,2016-06-13,30.2,88.6,summer
Ho Chi Minh City,2016-06-13,27.3,84.2,wet
Hanoi,2016-06-14,26.6,84.0,summer
Ho Chi Minh City,2016-06-14,27.1,79.3,wet
Hanoi,2016-06-15,29.6,71.1,summer
Ho Chi Minh City,2016-06-15,29.4,87.1,wet
Hanoi,2016-06-16,30.2,74.3,summer
Ho Chi Minh City,2016-06-16,29.6,90.4,wet
Hanoi,2016-06-17,27.9,76.1,summer
Ho Chi Minh City,2016-06-17,29.4,90.9,wet
Hanoi,2016-06-18,29.5,85.9,summer
Ho Chi Minh City,2016-06-18,26.4,84.0,wet
Hanoi,2016-06-19,27.9,86.3,summer
Ho Chi Minh City,2016-06-19,26.9,78.6,wet
Hanoi,2016-06-20,31.5,82.1,summer
Ho Chi Minh City,2016-06-20,26.5,88.8,wet
Hanoi,2016-06-21,28.6,81.5,summer
Ho Chi Minh City,2016-06-21,28.4,82.7,wet
Hanoi,2016-06-22,28.0,89.8,summer
Ho Chi Minh City,2016-06-22,26.7,88.3,wet
Hanoi,2016-06-23,27.6,81.0,summer
Ho Chi Minh City,2016-06-23,26.9,90.8,wet
Hanoi,2016-06-24,27.1,77.6,summer
Ho Chi Minh City,2016-06-24,29.7,78.3,wet
Hanoi,2016-06-25,32.7,75.2,summer
Ho Chi Minh City,2016-06-25,27.2,86.5,wet
Hanoi,2016-06-26,30.6,74.3,summer
Ho Chi Minh City,2016-06-26,29.6,86.4,wet
Hanoi,2016-06-27,31.3,74.6,summer
Ho Chi Minh City,2016-06-27,26.1,75.1,wet
Hanoi,2016-06-28,32.2,75.7,summer
Ho Chi Minh City,2016-06-28,28.3,90.4,wet
Hanoi,2016-06-29,28.3,76.3,summer
Ho Chi Minh City,2016-06-29,26.9,79.8,wet
Hanoi,2016-06-30,27.5,86.5,summer
Ho Chi Minh City,2016-06-30,26.6,88.5,wet
Hanoi,2016-07-01,30.1,93.0,summer
Ho Chi Minh City,2016-07-01,29.5,91.1,wet
Hanoi,2016-07-02,33.3,80.0,summer
Ho Chi Minh City,2016-07-02,27.4,81.4,wet
Hanoi,2016-07-03,29.4,82.5,summer
Ho Chi Minh City,2016-07-03,27.6,88.5,wet
Hanoi,2016-07-04,27.8,74.4,summer
Ho Chi Minh City,2016-07-04,26.1,86.1,wet
Hanoi,2016-07-05,28.2,79.1,summer
Ho Chi Minh City,2016-07-05,29.2,90.5,wet
Hanoi,2016-07-06,32.6,83.6,summer
Ho Chi Minh City,2016-07-06,26.9,90.5,wet
Hanoi,2016-07-07,32.7,90.8,summer
Ho Chi Minh City,2016-07-07,26.1,86.2,wet
Hanoi,2016-07-08,33.4,85.5,summer
Ho Chi Minh City,2016-07-08,28.1,88.4,wet
Hanoi,2016-07-09,30.3,82.2,summer
Ho Chi Minh City,2016-07-09,28.4,83.9,wet
Hanoi,2016-07-10,33.2,87.1,summer
Ho Chi Minh City,2016-07-10,27.2,92.1,wet
Hanoi,2016-07-11,28.6,90.9,summer
Ho Chi Minh City,2016-07-11,26.1,77.8,wet
Hanoi,2016-07-12,30.6,77.2,summer
Ho Chi Minh City,2016-07-12,28.3,92.7,wet
Hanoi,2016-07-13,30.9,89.3,summer
Ho Chi Minh City,2016-07-13,28.6,92.0,wet
Hanoi,2016-07-14,27.0,89.1,summer
Ho Chi Minh City,2016-07-14,27.2,79.9,wet
Hanoi,2016-07-15,26.9,84.8,summer
Ho Chi Minh City,2016-07-15,26.0,77.9,wet
Hanoi,2016-07-16,32.3,88.4,summer
Ho Chi Minh City,2016-07-16,29.7,91.1,wet
Hanoi,2016-07-17,31.8,85.4,summer
Ho Chi Minh City,2016-07-17,27.4,84.0,wet
Hanoi,2016-07-18,32.7,83.5,summer
Ho Chi Minh City,2016-07-18,27.5,78.2,wet
Hanoi,2016-07-19,26.7,86.4,summer
Ho Chi Minh City,2016-07-19,28.4,92.3,wet
Hanoi,2016-07-20,30.8,81.3,summer
Ho Chi Minh City,2016-07-20,28.2,92.0,wet
Hanoi,2016-07-21,27.3,84.2,summer
Ho Chi Minh City,2016-07-21,27.3,81.1,wet
Hanoi,2016-07-22,31.3,84.6,summer
Ho Chi Minh City,2016-07-22,27.6,91.1,wet
Hanoi,2016-07-23,31.7,85.3,summer
Ho Chi Minh City,2016-07-23,29.1,82.4,wet
Hanoi,2016-07-24,28.2,88.1,summer
Ho Chi Minh City,2016-07-24,28.5,85.6,wet
Hanoi,2016-07-25,32.6,91.2,summer
Ho Chi Minh City,2016-07-25,29.5,83.7,wet
Hanoi,2016-07-26,32.7,81.0,summer
Ho Chi Minh City,2016-07-26,27.2,78.9,wet
Hanoi,2016-07-27,32.1,84.7,summer
Ho Chi Minh City,2016-07-27,27.7,89.7,wet
Hanoi,2016-07-28,31.5,88.0,summer
Ho Chi Minh City,2016-07-28,29.2,92.7,wet
Hanoi,2016-07-29,29.7,87.7,summer
Ho Chi Minh City,2016-07-29,29.1,83.2,wet
Hanoi,2016-07-30,29.0,76.6,summer
Ho Chi Minh City,2016-07-30,28.8,79.1,wet
Hanoi,2016-07-31,28.1,77.8,summer
Ho Chi Minh City,2016-07-31,28.9,86.2,wet
Hanoi,2016-08-01,30.9,90.7,summer
Ho Chi Minh City,2016-08-01,29.9,81.5,wet
Hanoi,2016-08-02,32.3,83.5,summer
Ho Chi Minh City,2016-08-02,26.4,81.0,wet
Hanoi,2016-08-03,28.5,78.4,summer
Ho Chi Minh City,2016-08-03,29.6,84.6,wet
Hanoi,2016-08-04,26.6,92.2,summer
Ho Chi Minh City,2016-08-04,27.6,83.6,wet
Hanoi,2016-08-05,25.6,84.8,summer
Ho Chi Minh City,2016-08-05,26.2,86.1,wet
Hanoi,2016-08-06,26.5,87.4,summer
Ho Chi Minh City,2016-08-06,26.4,90.7,wet
Hanoi,2016-08-07,25.9,93.0,summer
Ho Chi Minh City,2016-08-07,28.8,88.0,wet
Hanoi,2016-08-08,25.8,80.5,summer
Ho Chi Minh City,2016-08-08,28.0,84.4,wet
Hanoi,2016-08-09,28.9,79.0,summer
Ho Chi Minh City,2016-08-09,27.8,84.4,wet
Hanoi,2016-08-10,32.4,84.7,summer
Ho Chi Minh City,2016-08-10,28.8,85.1,wet
Hanoi,2016-08-11,27.5,92.3,summer
Ho Chi Minh City,2016-08-11,27.3,80.0,wet
Hanoi,2016-08-12,31.0,78.2,summer
Ho Chi Minh City,2016-08-12,28.9,78.4,wet
Hanoi,2016-08-13,26.0,76.6,summer
Ho Chi Minh City,2016-08-13,28.6,92.3,wet
Hanoi,2016-08-14,31.1,78.2,summer
Ho Chi Minh City,2016-08-14,27.6,85.9,wet
Hanoi,2016-08-15,28.4,88.3,summer
Ho Chi Minh City,2016-08-15,28.5,81.4,wet
Hanoi,2016-08-16,30.6,93.7,summer
Ho Chi Minh City,2016-08-16,29.2,89.5,wet
Hanoi,2016-08-17,29.3,94.3,summer
Ho Chi Minh City,2016-08-17,28.0,84.4,wet
Hanoi,2016-08-18,26.7,90.2,summer
Ho Chi Minh City,2016-08-18,29.0,79.5,wet
Hanoi,2016-08-19,27.1,82.9,summer
Ho Chi Minh City,2016-08-19,28.2,80.3,wet
Hanoi,2016-08-20,31.3,86.1,summer
Ho Chi Minh City,2016-08-20,29.4,92.5,wet
Hanoi,2016-08-21,30.5,80.3,summer
Ho Chi Minh City,2016-08-21,26.5,84.6,wet
Hanoi,2016-08-22,31.9,89.1,summer
Ho Chi Minh City,2016-08-22,27.6,87.5,wet
Hanoi,2016-08-23,29.7,81.4,summer
Ho Chi Minh City,2016-08-23,28.4,77.8,wet
Hanoi,2016-08-24,29.9,75.7,summer
Ho Chi Minh City,2016-08-24,26.0,91.0,wet
Hanoi,2016-08-25,29.3,84.7,summer
Ho Chi Minh City,2016-08-25,26.8,79.1,wet
Hanoi,2016-08-26,29.1,77.4,summer
Ho Chi Minh City,2016-08-26,29.0,91.3,wet
Hanoi,2016-08-27,26.3,82.9,summer
Ho Chi Minh City,2016-08-27,26.8,90.9,wet
Hanoi,2016-08-28,32.0,77.4,summer
Ho Chi Minh City,2016-08-28,27.4,81.7,wet
Hanoi,2016-08-29,26.8,79.1,summer
Ho Chi Minh City,2016-08-29,28.0,84.0,wet
Hanoi,2016-08-30,25.8,86.6,summer
Ho Chi Minh City,2016-08-30,28.3,92.8,wet
Hanoi,2016-08-31,26.8,78.0,summer
Ho Chi Minh City,2016-08-31,29.0,78.7,wet
Hanoi,2016-09-01,31.0,80.8,fall
Ho Chi Minh City,2016-09-01,29.7,81.4,wet
Hanoi,2016-09-02,24.9,79.7,fall
Ho Chi Minh City,2016-09-02,27.4,95.0,wet
Hanoi,2016-09-03,25.8,79.0,fall
Ho Chi Minh City,2016-09-03,28.8,92.4,wet
Hanoi,2016-09-04,24.8,79.2,fall
Ho Chi Minh City,2016-09-04,26.4,88.9,wet
Hanoi,2016-09-05,28.3,84.3,fall
Ho Chi Minh City,2016-09-05,28.5,93.2,wet
Hanoi,2016-09-06,30.8,80.0,fall
Ho Chi Minh City,2016-09-06,29.4,93.2,wet
Hanoi,2016-09-07,27.9,73.5,fall
Ho Chi Minh City,2016-09-07,29.2,84.2,wet
Hanoi,2016-09-08,29.0,82.7,fall
Ho Chi Minh City,2016-09-08,28.8,80.2,wet
Hanoi,2016-09-09,29.0,74.2,fall
Ho Chi Minh City,2016-09-09,27.7,90.7,wet
Hanoi,2016-09-10,26.8,87.2,fall
Ho Chi Minh City,2016-09-10,29.4,94.0,wet
Hanoi,2016-09-11,29.8,92.2,fall
Ho Chi Minh City,2016-09-11,26.7,94.0,wet
Hanoi,2016-09-12,30.0,82.4,fall
Ho Chi Minh City,2016-09-12,28.5,92.0,wet
Hanoi,2016-09-13,25.6,75.5,fall
Ho Chi Minh City,2016-09-13,27.0,87.8,wet
Hanoi,2016-09-14,27.9,91.8,fall
Ho Chi Minh City,2016-09-14,28.5,81.5,wet
Hanoi,2016-09-15,26.0,90.9,fall
Ho Chi Minh City,2016-09-15,28.9,80.3,wet
Hanoi,2016-09-16,31.5,90.9,fall
Ho Chi Minh City,2016-09-16,28.5,88.4,wet
Hanoi,2016-09-17,30.4,81.0,fall
Ho Chi Minh City,2016-09-17,28.1,89.9,wet
Hanoi,2016-09-18,30.5,84.8,fall
Ho Chi Minh City,2016-09-18,29.1,80.6,wet
Hanoi,2016-09-19,31.2,85.3,fall
Ho Chi Minh City,2016-09-19,27.9,82.9,wet
Hanoi,2016-09-20,28.1,88.9,fall
Ho Chi Minh City,2016-09-20,28.0,91.0,wet
Hanoi,2016-09-21,26.3,88.3,fall
Ho Chi Minh City,2016-09-21,26.3,84.6,wet
Hanoi,2016-09-22,31.1,84.3,fall
Ho Chi Minh City,2016-09-22,26.8,85.8,wet
Hanoi,2016-09-23,31.1,83.7,fall
Ho Chi Minh City,2016-09-23,27.5,90.5,wet
Hanoi,2016-09-24,27.6,79.1,fall
Ho Chi Minh City,2016-09-24,26.3,93.4,wet
Hanoi,2016-09-25,31.0,91.8,fall
Ho Chi Minh City,2016-09-25,27.4,90.8,wet
Hanoi,2016-09-26,29.6,81.4,fall
Ho Chi Minh City,2016-09-26,27.8,80.2,wet
Hanoi,2016-09-27,30.9,85.2,fall
Ho Chi Minh City,2016-09-27,27.1,87.7,wet
Hanoi,2016-09-28,25.7,73.5,fall
Ho Chi Minh City,2016-09-28,29.8,85.6,wet
Hanoi,2016-09-29,28.1,82.2,fall
Ho Chi Minh City,2016-09-29,27.0,87.5,wet
Hanoi,2016-09-30,29.5,81.9,fall
Ho Chi Minh City,2016-09-30,29.9,80.6,wet
Hanoi,2016-10-01,25.6,86.3,fall
Ho Chi Minh City,2016-10-01,26.2,92.6,wet
Hanoi,2016-10-02,26.9,87.7,fall
Ho Chi Minh City,2016-10-02,26.4,84.9,wet
Hanoi,2016-10-03,27.7,77.6,fall
Ho Chi Minh City,2016-10-03,27.9,79.9,wet
Hanoi,2016-10-04,28.2,68.2,fall
Ho Chi Minh City,2016-10-04,28.0,80.0,wet
Hanoi,2016-10-05,25.6,72.0,fall
Ho Chi Minh City,2016-10-05,26.5,83.2,wet
Hanoi,2016-10-06,23.3,70.2,fall
Ho Chi Minh City,2016-10-06,25.4,85.7,wet
Hanoi,2016-10-07,24.6,68.6,fall
Ho Chi Minh City,2016-10-07,27.7,88.0,wet
Hanoi,2016-10-08,27.0,78.4,fall
Ho Chi Minh City,2016-10-08,27.6,84.9,wet
Hanoi,2016-10-09,24.4,83.5,fall
Ho Chi Minh City,2016-10-09,26.3,78.3,wet
Hanoi,2016-10-10,23.7,83.1,fall
Ho Chi Minh City,2016-10-10,28.9,93.0,wet
Hanoi,2016-10-11,26.4,86.0,fall
Ho Chi Minh City,2016-10-11,26.4,88.3,wet
Hanoi,2016-10-12,22.3,74.7,fall
Ho Chi Minh City,2016-10-12,27.4,85.9,wet
Hanoi,2016-10-13,27.0,82.4,fall
Ho Chi Minh City,2016-10-13,28.1,82.8,wet
Hanoi,2016-10-14,25.1,69.7,fall
Ho Chi Minh City,2016-10-14,26.3,78.6,wet
Hanoi,2016-10-15,26.9,80.1,fall
Ho Chi Minh City,2016-10-15,26.3,80.9,wet
Hanoi,2016-10-16,22.5,85.5,fall
Ho Chi Minh City,2016-10-16,26.5,92.6,wet
Hanoi,2016-10-17,22.3,81.5,fall
Ho Chi Minh City,2016-10-17,28.8,79.4,wet
Hanoi,2016-10-18,22.8,74.6,fall
Ho Chi Minh City,2016-10-18,25.6,89.4,wet
Hanoi,2016-10-19,26.9,87.5,fall
Ho Chi Minh City,2016-10-19,28.2,89.3,wet
Hanoi,2016-10-20,27.3,79.2,fall
Ho Chi Minh City,2016-10-20,28.0,87.2,wet
Hanoi,2016-10-21,26.9,73.9,fall
Ho Chi Minh City,2016-10-21,28.4,90.8,wet
Hanoi,2016-10-22,23.9,87.2,fall
Ho Chi Minh City,2016-10-22,26.7,87.9,wet
Hanoi,2016-10-23,28.4,79.3,fall
Ho Chi Minh City,2016-10-23,28.6,83.2,wet
Hanoi,2016-10-24,25.8,81.2,fall
Ho Chi Minh City,2016-10-24,28.6,90.2,wet
Hanoi,2016-10-25,23.8,72.9,fall
Ho Chi Minh City,2016-10-25,26.1,88.7,wet
Hanoi,2016-10-26,22.4,77.3,fall
Ho Chi Minh City,2016-10-26,28.3,92.1,wet
Hanoi,2016-10-27,24.6,76.8,fall
Ho Chi Minh City,2016-10-27,28.1,80.4,wet
Hanoi,2016-10-28,28.0,82.6,fall
Ho Chi Minh City,2016-10-28,26.7,92.5,wet
Hanoi,2016-10-29,25.3,85.2,fall
Ho Chi Minh City,2016-10-29,28.0,85.4,wet
Hanoi,2016-10-30,27.1,70.5,fall
Ho Chi Minh City,2016-10-30,28.2,85.9,wet
Hanoi,2016-10-31,23.7,81.8,fall
Ho Chi Minh City,2016-10-31,27.2,78.4,wet
Hanoi,2016-11-01,24.4,72.7,fall
Ho Chi Minh City,2016-11-01,28.8,85.9,wet
Hanoi,2016-11-02,22.4,75.3,fall
Ho Chi Minh City,2016-11-02,25.3,84.8,wet
Hanoi,2016-11-03,17.7,80.1,fall
Ho Chi Minh City,2016-11-03,27.0,87.2,wet
Hanoi,2016-11-04,19.2,77.4,fall
Ho Chi Minh City,2016-11-04,28.5,83.7,wet
Hanoi,2016-11-05,20.6,72.5,fall
Ho Chi Minh City,2016-11-05,25.4,79.0,wet
Hanoi,2016-11-06,24.3,78.7,fall
Ho Chi Minh City,2016-11-06,26.3,72.5,wet
Hanoi,2016-11-07,18.4,66.5,fall
Ho Chi Minh City,2016-11-07,27.0,75.2,wet
Hanoi,2016-11-08,22.8,76.7,fall
Ho Chi Minh City,2016-11-08,26.5,77.0,wet
Hanoi,2016-11-09,22.2,75.9,fall
Ho Chi Minh City,2016-11-09,27.5,72.8,wet
Hanoi,2016-11-10,20.0,74.3,fall
Ho Chi Minh City,2016-11-10,25.2,75.5,wet
Hanoi,2016-11-11,22.5,69.8,fall
Ho Chi Minh City,2016-11-11,25.1,76.3,wet
Hanoi,2016-11-12,18.0,71.0,fall
Ho Chi Minh City,2016-11-12,25.2,77.7,wet
Hanoi,2016-11-13,20.2,72.3,fall
Ho Chi Minh City,2016-11-13,25.2,87.5,wet
Hanoi,2016-11-14,18.4,69.2,fall
Ho Chi Minh City,2016-11-14,27.3,76.5,wet
Hanoi,2016-11-15,24.1,69.0,fall
Ho Chi Minh City,2016-11-15,28.0,83.7,wet
Hanoi,2016-11-16,23.6,75.8,fall
Ho Chi Minh City,2016-11-16,25.8,78.5,wet
Hanoi,2016-11-17,21.7,74.1,fall
Ho Chi Minh City,2016-11-17,25.7,77.8,wet
Hanoi,2016-11-18,23.6,74.9,fall
Ho Chi Minh City,2016-11-18,27.1,87.5,wet
Hanoi,2016-11-19,18.1,66.9,fall
Ho Chi Minh City,2016-11-19,27.1,86.6,wet
Hanoi,2016-11-20,19.8,70.1,fall
Ho Chi Minh City,2016-11-20,26.0,82.1,wet
Hanoi,2016-11-21,23.4,70.1,fall
Ho Chi Minh City,2016-11-21,28.2,77.6,wet
Hanoi,2016-11-22,18.9,70.0,fall
Ho Chi Minh City,2016-11-22,26.4,82.2,wet
Hanoi,2016-11-23,20.8,73.4,fall
Ho Chi Minh City,2016-11-23,28.8,84.6,wet
Hanoi,2016-11-24,18.0,67.7,fall
Ho Chi Minh City,2016-11-24,28.2,73.7,wet
Hanoi,2016-11-25,23.0,84.6,fall
Ho Chi Minh City,2016-11-25,26.9,86.5,wet
Hanoi,2016-11-26,20.2,68.4,fall
Ho Chi Minh City,2016-11-26,26.2,75.4,wet
Hanoi,2016-11-27,20.8,83.7,fall
Ho Chi Minh City,2016-11-27,28.0,80.2,wet
Hanoi,2016-11-28,18.6,76.3,fall
Ho Chi Minh City,2016-11-28,27.1,73.0,wet
Hanoi,2016-11-29,17.8,81.9,fall
Ho Chi Minh City,2016-11-29,25.5,85.7,wet
Hanoi,2016-11-30,21.9,71.6,fall
Ho Chi Minh City,2016-11-30,26.0,77.4,wet
Hanoi,2016-12-01,19.7,77.4,winter
Ho Chi Minh City,2016-12-01,27.3,76.9,dry
Hanoi,2016-12-02,14.9,80.3,winter
Ho Chi Minh City,2016-12-02,27.8,72.3,dry
Hanoi,2016-12-03,15.9,81.1,winter
Ho Chi Minh City,2016-12-03,27.2,72.2,dry
Hanoi,2016-12-04,18.6,78.6,winter
Ho Chi Minh City,2016-12-04,26.1,75.9,dry
Hanoi,2016-12-05,18.4,75.0,winter
Ho Chi Minh City,2016-12-05,26.8,70.0,dry
Hanoi,2016-12-06,18.8,69.8,winter
Ho Chi Minh City,2016-12-06,27.3,79.0,dry
Hanoi,2016-12-07,18.9,71.9,winter
Ho Chi Minh City,2016-12-07,24.6,78.0,dry
Hanoi,2016-12-08,18.2,80.7,winter
Ho Chi Minh City,2016-12-08,25.2,68.6,dry
Hanoi,2016-12-09,16.2,80.3,winter
Ho Chi Minh City,2016-12-09,26.3,70.5,dry
Hanoi,2016-12-10,18.4,76.6,winter
Ho Chi Minh City,2016-12-10,24.7,82.3,dry
Hanoi,2016-12-11,19.7,81.5,winter
Ho Chi Minh City,2016-12-11,26.2,80.9,dry
Hanoi,2016-12-12,16.5,71.1,winter
Ho Chi Minh City,2016-12-12,25.1,80.0,dry
Hanoi,2016-12-13,19.2,72.3,winter
Ho Chi Minh City,2016-12-13,25.6,77.4,dry
Hanoi,2016-12-14,18.9,85.6,winter
Ho Chi Minh City,2016-12-14,27.5,68.6,dry
Hanoi,2016-12-15,18.8,85.3,winter
Ho Chi Minh City,2016-12-15,26.9,81.3,dry
Hanoi,2016-12-16,18.9,83.2,winter
Ho Chi Minh City,2016-12-16,25.3,74.5,dry
Hanoi,2016-12-17,15.4,82.1,winter
Ho Chi Minh City,2016-12-17,25.2,70.3,dry
Hanoi,2016-12-18,14.6,80.6,winter
Ho Chi Minh City,2016-12-18,24.7,82.6,dry
Hanoi,2016-12-19,19.5,78.4,winter
Ho Chi Minh City,2016-12-19,26.4,76.4,dry
Hanoi,2016-12-20,15.6,82.9,winter
Ho Chi Minh City,2016-12-20,24.8,68.8,dry
Hanoi,2016-12-21,21.3,67.2,winter
Ho Chi Minh City,2016-12-21,25.5,82.0,dry
Hanoi,2016-12-22,21.4,78.9,winter
Ho Chi Minh City,2016-12-22,25.1,75.0,dry
Hanoi,2016-12-23,20.3,81.3,winter
Ho Chi Minh City,2016-12-23,27.7,67.5,dry
Hanoi,2016-12-24,18.4,86.4,winter
Ho Chi Minh City,2016-12-24,26.2,74.5,dry
Hanoi,2016-12-25,17.0,70.4,winter
Ho Chi Minh City,2016-12-25,27.3,73.5,dry
Hanoi,2016-12-26,14.5,76.5,winter
Ho Chi Minh City,2016-12-26,24.7,69.5,dry
Hanoi,2016-12-27,19.2,85.9,winter
Ho Chi Minh City,2016-12-27,27.1,75.1,dry
Hanoi,2016-12-28,19.4,76.7,winter
Ho Chi Minh City,2016-12-28,25.0,71.1,dry
Hanoi,2016-12-29,20.9,67.6,winter
Ho Chi Minh City,2016-12-29,26.0,76.7,dry
Hanoi,2016-12-30,17.0,67.2,winter
Ho Chi Minh City,2016-12-30,25.2,77.9,dry
Hanoi,2016-12-31,14.7,85.1,winter
Ho Chi Minh City,2016-12-31,27.9,69.7,dry
Hanoi,2017-01-01,14.3,89.7,winter
Ho Chi Minh City,2017-01-01,24.1,72.2,dry
Hanoi,2017-01-02,18.7,79.4,winter
Ho Chi Minh City,2017-01-02,28.0,69.3,dry
Hanoi,2017-01-03,16.6,88.2,winter
Ho Chi Minh City,2017-01-03,27.9,73.7,dry
Hanoi,2017-01-04,16.2,81.9,winter
Ho Chi Minh City,2017-01-04,27.5,69.5,dry
Hanoi,2017-01-05,15.7,87.5,winter
Ho Chi Minh City,2017-01-05,27.4,70.2,dry
Hanoi,2017-01-06,12.7,72.8,winter
Ho Chi Minh City,2017-01-06,24.5,69.6,dry
Hanoi,2017-01-07,12.7,79.5,winter
Ho Chi Minh City,2017-01-07,27.8,76.5,dry
Hanoi,2017-01-08,17.2,84.4,winter
Ho Chi Minh City,2017-01-08,27.9,74.5,dry
Hanoi,2017-01-09,14.1,81.4,winter
Ho Chi Minh City,2017-01-09,27.9,67.2,dry
Hanoi,2017-01-10,17.2,71.1,winter
Ho Chi Minh City,2017-01-10,26.8,62.9,dry
Hanoi,2017-01-11,16.3,79.4,winter
Ho Chi Minh City,2017-01-11,25.8,75.3,dry
Hanoi,2017-01-12,15.5,83.1,winter
Ho Chi Minh City,2017-01-12,25.2,76.4,dry
Hanoi,2017-01-13,12.7,71.2,winter
Ho Chi Minh City,2017-01-13,26.4,73.5,dry
Hanoi,2017-01-14,16.3,85.5,winter
Ho Chi Minh City,2017-01-14,26.0,67.3,dry
Hanoi,2017-01-15,13.1,84.0,winter
Ho Chi Minh City,2017-01-15,27.5,75.9,dry
Hanoi,2017-01-16,17.5,77.0,winter
Ho Chi Minh City,2017-01-16,25.2,73.5,dry
Hanoi,2017-01-17,16.8,75.4,winter
Ho Chi Minh City,2017-01-17,25.2,69.3,dry
Hanoi,2017-01-18,16.0,74.3,winter
Ho Chi Minh City,2017-01-18,25.2,71.9,dry
Hanoi,2017-01-19,16.8,80.1,winter
Ho Chi Minh City,2017-01-19,24.1,75.7,dry
Hanoi,2017-01-20,15.5,77.9,winter
Ho Chi Minh City,2017-01-20,26.7,62.2,dry
Hanoi,2017-01-21,13.3,87.0,winter
Ho Chi Minh City,2017-01-21,25.0,67.4,dry
Hanoi,2017-01-22,14.0,89.1,winter
Ho Chi Minh City,2017-01-22,25.9,73.0,dry
Hanoi,2017-01-23,18.5,73.2,winter
Ho Chi Minh City,2017-01-23,26.0,69.5,dry
Hanoi,2017-01-24,16.8,83.2,winter
Ho Chi Minh City,2017-01-24,24.6,68.2,dry
Hanoi,2017-01-25,13.4,70.7,winter
Ho Chi Minh City,2017-01-25,27.3,67.2,dry
Hanoi,2017-01-26,18.6,81.5,winter
Ho Chi Minh City,2017-01-26,25.9,63.7,dry
Hanoi,2017-01-27,13.0,89.2,winter
Ho Chi Minh City,2017-01-27,24.1,76.4,dry
Hanoi,2017-01-28,15.1,84.1,winter
Ho Chi Minh City,2017-01-28,24.7,76.9,dry
Hanoi,2017-01-29,16.8,77.0,winter
Ho Chi Minh City,2017-01-29,27.7,73.8,dry
Hanoi,2017-01-30,14.8,75.4,winter
Ho Chi Minh City,2017-01-30,24.1,76.3,dry
Hanoi,2017-01-31,13.4,78.7,winter
Ho Chi Minh City,2017-01-31,26.6,71.6,dry
Hanoi,2017-02-01,15.1,88.4,winter
Ho Chi Minh City,2017-02-01,25.9,71.3,dry
Hanoi,2017-02-02,20.1,90.8,winter
Ho Chi Minh City,2017-02-02,27.8,76.1,dry
Hanoi,2017-02-03,19.7,78.6,winter
Ho Chi Minh City,2017-02-03,27.7,63.3,dry
Hanoi,2017-02-04,17.2,83.8,winter
Ho Chi Minh City,2017-02-04,25.3,74.8,dry
Hanoi,2017-02-05,13.8,83.2,winter
Ho Chi Minh City,2017-02-05,25.2,69.2,dry
Hanoi,2017-02-06,14.6,81.4,winter
Ho Chi Minh City,2017-02-06,28.7,73.6,dry
Hanoi,2017-02-07,17.3,76.6,winter
Ho Chi Minh City,2017-02-07,28.9,71.5,dry
Hanoi,2017-02-08,19.4,89.1,winter
Ho Chi Minh City,2017-02-08,27.7,72.1,dry
Hanoi,2017-02-09,16.8,90.7,winter
Ho Chi Minh City,2017-02-09,28.1,64.0,dry
Hanoi,2017-02-10,16.1,92.0,winter
Ho Chi Minh City,2017-02-10,27.0,73.8,dry
Hanoi,2017-02-11,18.1,90.9,winter
Ho Chi Minh City,2017-02-11,25.4,68.7,dry
Hanoi,2017-02-12,19.0,80.8,winter
Ho Chi Minh City,2017-02-12,26.2,62.6,dry
Hanoi,2017-02-13,17.2,78.1,winter
Ho Chi Minh City,2017-02-13,26.2,70.3,dry
Hanoi,2017-02-14,19.1,74.3,winter
Ho Chi Minh City,2017-02-14,27.9,65.8,dry
Hanoi,2017-02-15,19.6,84.4,winter
Ho Chi Minh City,2017-02-15,26.0,62.7,dry
Hanoi,2017-02-16,18.9,76.5,winter
Ho Chi Minh City,2017-02-16,25.6,69.1,dry
Hanoi,2017-02-17,17.6,78.6,winter
Ho Chi Minh City,2017-02-17,26.4,65.9,dry
Hanoi,2017-02-18,15.8,83.2,winter
Ho Chi Minh City,2017-02-18,26.5,67.7,dry
Hanoi,2017-02-19,19.1,91.0,winter
Ho Chi Minh City,2017-02-19,28.2,69.7,dry
Hanoi,2017-02-20,19.0,90.5,winter
Ho Chi Minh City,2017-02-20,27.6,70.5,dry
Hanoi,2017-02-21,17.9,77.9,winter
Ho Chi Minh City,2017-02-21,28.5,70.4,dry
Hanoi,2017-02-22,18.7,86.7,winter
Ho Chi Minh City,2017-02-22,26.8,77.9,dry
Hanoi,2017-02-23,19.9,82.8,winter
Ho Chi Minh City,2017-02-23,27.6,63.5,dry
Hanoi,2017-02-24,17.1,73.3,winter
Ho Chi Minh City,2017-02-24,28.8,69.3,dry
Hanoi,2017-02-25,14.7,76.2,winter
Ho Chi Minh City,2017-02-25,26.0,71.8,dry
Hanoi,2017-02-26,19.1,89.9,winter
Ho Chi Minh City,2017-02-26,27.1,75.6,dry
Hanoi,2017-02-27,18.1,81.7,winter
Ho Chi Minh City,2017-02-27,26.5,62.1,dry
Hanoi,2017-02-28,18.2,88.9,winter
Ho Chi Minh City,2017-02-28,28.5,69.8,dry
Hanoi,2017-03-01,19.2,77.6,spring
Ho Chi Minh City,2017-03-01,26.3,67.0,dry
Hanoi,2017-03-02,19.7,89.7,spring
Ho Chi Minh City,2017-03-02,28.9,67.8,dry
Hanoi,2017-03-03,17.4,88.6,spring
Ho Chi Minh City,2017-03-03,29.4,67.9,dry
Hanoi,2017-03-04,16.6,83.4,spring
Ho Chi Minh City,2017-03-04,29.1,62.1,dry
Hanoi,2017-03-05,21.0,84.8,spring
Ho Chi Minh City,2017-03-05,28.0,73.4,dry
Hanoi,2017-03-06,17.0,81.1,spring
Ho Chi Minh City,2017-03-06,27.6,67.5,dry
Hanoi,2017-03-07,18.2,77.6,spring
Ho Chi Minh City,2017-03-07,26.0,63.0,dry
Hanoi,2017-03-08,23.1,76.7,spring
Ho Chi Minh City,2017-03-08,29.1,62.1,dry
Hanoi,2017-03-09,23.4,88.6,spring
Ho Chi Minh City,2017-03-09,27.0,68.3,dry
Hanoi,2017-03-10,17.8,93.8,spring
Ho Chi Minh City,2017-03-10,26.1,63.5,dry
Hanoi,2017-03-11,20.4,86.4,spring
Ho Chi Minh City,2017-03-11,28.2,69.1,dry
Hanoi,2017-03-12,22.0,81.7,spring
Ho Chi Minh City,2017-03-12,27.8,73.7,dry
Hanoi,2017-03-13,21.0,86.1,spring
Ho Chi Minh City,2017-03-13,29.8,66.9,dry
Hanoi,2017-03-14,20.0,83.7,spring
Ho Chi Minh City,2017-03-14,29.9,68.3,dry
Hanoi,2017-03-15,19.2,76.7,spring
Ho Chi Minh City,2017-03-15,29.0,76.5,dry
Hanoi,2017-03-16,19.6,85.9,spring
Ho Chi Minh City,2017-03-16,27.7,64.8,dry
Hanoi,2017-03-17,20.4,88.3,spring
Ho Chi Minh City,2017-03-17,29.9,65.4,dry
Hanoi,2017-03-18,17.9,87.7,spring
Ho Chi Minh City,2017-03-18,29.3,72.5,dry
Hanoi,2017-03-19,18.9,94.3,spring
Ho Chi Minh City,2017-03-19,27.6,67.2,dry
Hanoi,2017-03-20,22.6,75.6,spring
Ho Chi Minh City,2017-03-20,28.1,70.8,dry
Hanoi,2017-03-21,17.5,92.2,spring
Ho Chi Minh City,2017-03-21,27.9,65.9,dry
Hanoi,2017-03-22,18.9,77.9,spring
Ho Chi Minh City,2017-03-22,28.9,67.3,dry
Hanoi,2017-03-23,22.6,86.7,spring
Ho Chi Minh City,2017-03-23,26.6,74.6,dry
Hanoi,2017-03-24,17.5,79.9,spring
Ho Chi Minh City,2017-03-24,26.8,65.2,dry
Hanoi,2017-03-25,18.6,90.7,spring
Ho Chi Minh City,2017-03-25,29.5,69.0,dry
Hanoi,2017-03-26,16.6,77.7,spring
Ho Chi Minh City,2017-03-26,27.3,70.2,dry
Hanoi,2017-03-27,20.8,78.2,spring
Ho Chi Minh City,2017-03-27,26.1,69.8,dry
Hanoi,2017-03-28,23.0,87.9,spring
Ho Chi Minh City,2017-03-28,29.6,64.5,dry
Hanoi,2017-03-29,17.4,91.7,spring
Ho Chi Minh City,2017-03-29,26.9,71.9,dry
Hanoi,2017-03-30,21.3,81.1,spring
Ho Chi Minh City,2017-03-30,29.1,62.5,dry
Hanoi,2017-03-31,22.4,90.9,spring
Ho Chi Minh City,2017-03-31,29.9,65.8,dry
Hanoi,2017-04-01,24.5,75.9,spring
Ho Chi Minh City,2017-04-01,28.1,80.1,dry
Hanoi,2017-04-02,27.4,75.7,spring
Ho Chi Minh City,2017-04-02,28.0,67.6,dry
Hanoi,2017-04-03,24.6,81.3,spring
Ho Chi Minh City,2017-04-03,27.3,81.6,dry
Hanoi,2017-04-04,21.7,80.0,spring
Ho Chi Minh City,2017-04-04,30.5,81.1,dry
Hanoi,2017-04-05,23.0,90.9,spring
Ho Chi Minh City,2017-04-05,29.8,75.0,dry
Hanoi,2017-04-06,25.3,80.3,spring
Ho Chi Minh City,2017-04-06,31.0,68.9,dry
Hanoi,2017-04-07,20.6,85.9,spring
Ho Chi Minh City,2017-04-07,28.2,74.5,dry
Hanoi,2017-04-08,23.3,84.8,spring
Ho Chi Minh City,2017-04-08,28.1,82.2,dry
Hanoi,2017-04-09,23.0,93.8,spring
Ho Chi Minh City,2017-04-09,30.5,75.8,dry
Hanoi,2017-04-10,21.6,82.7,spring
Ho Chi Minh City,2017-04-10,29.7,69.0,dry
Hanoi,2017-04-11,21.4,94.4,spring
Ho Chi Minh City,2017-04-11,27.2,71.1,dry
Hanoi,2017-04-12,22.3,79.5,spring
Ho Chi Minh City,2017-04-12,28.5,77.9,dry
Hanoi,2017-04-13,24.5,93.9,spring
Ho Chi Minh City,2017-04-13,29.5,74.6,dry
Hanoi,2017-04-14,24.4,93.6,spring
Ho Chi Minh City,2017-04-14,30.1,75.1,dry
Hanoi,2017-04-15,23.9,93.5,spring
Ho Chi Minh City,2017-04-15,28.5,71.0,dry
Hanoi,2017-04-16,26.3,77.4,spring
Ho Chi Minh City,2017-04-16,30.1,67.2,dry
Hanoi,2017-04-17,26.9,87.9,spring
Ho Chi Minh City,2017-04-17,28.1,78.6,dry
Hanoi,2017-04-18,22.0,87.3,spring
Ho Chi Minh City,2017-04-18,27.2,68.9,dry
Hanoi,2017-04-19,20.9,80.0,spring
Ho Chi Minh City,2017-04-19,30.1,70.9,dry
Hanoi,2017-04-20,25.8,82.2,spring
Ho Chi Minh City,2017-04-20,27.6,75.4,dry
Hanoi,2017-04-21,23.5,76.6,spring
Ho Chi Minh City,2017-04-21,30.9,67.2,dry
Hanoi,2017-04-22,25.6,80.1,spring
Ho Chi Minh City,2017-04-22,30.3,80.4,dry
Hanoi,2017-04-23,27.4,88.3,spring
Ho Chi Minh City,2017-04-23,29.3,78.6,dry
Hanoi,2017-04-24,21.4,89.8,spring
Ho Chi Minh City,2017-04-24,28.1,81.6,dry
Hanoi,2017-04-25,24.7,94.3,spring
Ho Chi Minh City,2017-04-25,30.7,78.9,dry
Hanoi,2017-04-26,21.6,81.9,spring
Ho Chi Minh City,2017-04-26,28.0,80.6,dry
Hanoi,2017-04-27,22.8,92.6,spring
Ho Chi Minh City,2017-04-27,30.3,70.4,dry
Hanoi,2017-04-28,21.9,78.8,spring
Ho Chi Minh City,2017-04-28,27.1,67.4,dry
Hanoi,2017-04-29,22.1,87.5,spring
Ho Chi Minh City,2017-04-29,27.4,70.6,dry
Hanoi,2017-04-30,24.7,79.5,spring
Ho Chi Minh City,2017-04-30,30.5,80.7,dry
Hanoi,2017-05-01,26.5,86.2,summer
Ho Chi Minh City,2017-05-01,29.0,87.9,wet
Hanoi,2017-05-02,31.1,80.3,summer
Ho Chi Minh City,2017-05-02,27.9,82.6,wet
Hanoi,2017-05-03,25.8,87.6,summer
Ho Chi Minh City,2017-05-03,28.8,85.6,wet
Hanoi,2017-05-04,24.7,79.0,summer
Ho Chi Minh City,2017-05-04,28.7,79.8,wet
Hanoi,2017-05-05,25.2,80.4,summer
Ho Chi Minh City,2017-05-05,27.0,76.6,wet
Hanoi,2017-05-06,28.4,79.8,summer
Ho Chi Minh City,2017-05-06,30.3,77.8,wet
Hanoi,2017-05-07,26.7,79.0,summer
Ho Chi Minh City,2017-05-07,30.2,76.7,wet
Hanoi,2017-05-08,29.9,71.3,summer
Ho Chi Minh City,2017-05-08,29.9,73.2,wet
Hanoi,2017-05-09,29.8,87.9,summer
Ho Chi Minh City,2017-05-09,29.1,85.4,wet
Hanoi,2017-05-10,29.6,83.2,summer
Ho Chi Minh City,2017-05-10,28.2,81.5,wet
Hanoi,2017-05-11,31.2,74.5,summer
Ho Chi Minh City,2017-05-11,29.4,72.3,wet
Hanoi,2017-05-12,28.9,73.4,summer
Ho Chi Minh City,2017-05-12,29.4,72.1,wet
Hanoi,2017-05-13,31.1,84.7,summer
Ho Chi Minh City,2017-05-13,29.5,78.5,wet
Hanoi,2017-05-14,29.6,88.9,summer
Ho Chi Minh City,2017-05-14,29.0,76.2,wet
Hanoi,2017-05-15,28.1,79.0,summer
Ho Chi Minh City,2017-05-15,29.4,73.9,wet
Hanoi,2017-05-16,27.5,76.5,summer
Ho Chi Minh City,2017-05-16,29.1,86.4,wet
Hanoi,2017-05-17,30.7,89.6,summer
Ho Chi Minh City,2017-05-17,30.1,75.5,wet
Hanoi,2017-05-18,30.0,78.5,summer
Ho Chi Minh City,2017-05-18,29.9,81.7,wet
Hanoi,2017-05-19,28.5,79.7,summer
Ho Chi Minh City,2017-05-19,28.5,78.9,wet
Hanoi,2017-05-20,28.2,85.0,summer
Ho Chi Minh City,2017-05-20,29.3,79.5,wet
Hanoi,2017-05-21,25.5,70.8,summer
Ho Chi Minh City,2017-05-21,29.0,72.8,wet
Hanoi,2017-05-22,25.8,83.4,summer
Ho Chi Minh City,2017-05-22,27.0,82.6,wet
Hanoi,2017-05-23,25.9,84.5,summer
Ho Chi Minh City,2017-05-23,27.4,74.8,wet
Hanoi,2017-05-24,25.4,87.0,summer
Ho Chi Minh City,2017-05-24,29.8,78.0,wet
Hanoi,2017-05-25,30.5,70.2,summer
Ho Chi Minh City,2017-05-25,29.0,84.7,wet
Hanoi,2017-05-26,27.2,78.6,summer
Ho Chi Minh City,2017-05-26,30.6,76.1,wet
Hanoi,2017-05-27,25.0,80.8,summer
Ho Chi Minh City,2017-05-27,29.5,84.1,wet
Hanoi,2017-05-28,24.7,85.9,summer
Ho Chi Minh City,2017-05-28,27.2,81.6,wet
Hanoi,2017-05-29,30.8,71.8,summer
Ho Chi Minh City,2017-05-29,28.6,74.0,wet
Hanoi,2017-05-30,28.7,77.9,summer
Ho Chi Minh City,2017-05-30,29.3,72.5,wet
Hanoi,2017-05-31,28.3,76.3,summer
Ho Chi Minh City,2017-05-31,29.6,81.0,wet
Hanoi,2017-06-01,30.4,86.4,summer
Ho Chi Minh City,2017-06-01,26.3,76.8,wet
Hanoi,2017-06-02,27.7,88.8,summer
Ho Chi Minh City,2017-06-02,26.7,78.2,wet
Hanoi,2017-06-03,27.3,83.0,summer
Ho Chi Minh City,2017-06-03,27.9,76.8,wet
Hanoi,2017-06-04,32.5,75.6,summer
Ho Chi Minh City,2017-06-04,27.4,79.5,wet
Hanoi,2017-06-05,27.2,80.2,summer
Ho Chi Minh City,2017-06-05,26.8,81.5,wet
Hanoi,2017-06-06,31.7,76.4,summer
Ho Chi Minh City,2017-06-06,27.8,88.3,wet
Hanoi,2017-06-07,29.6,86.6,summer
Ho Chi Minh City,2017-06-07,28.9,80.7,wet
Hanoi,2017-06-08,32.6,72.2,summer
Ho Chi Minh City,2017-06-08,28.0,83.1,wet
Hanoi,2017-06-09,29.6,81.4,summer
Ho Chi Minh City,2017-06-09,28.7,86.4,wet
Hanoi,2017-06-10,31.9,75.3,summer
Ho Chi Minh City,2017-06-10,27.2,84.2,wet
Hanoi,2017-06-11,28.1,76.3,summer
Ho Chi Minh City,2017-06-11,28.2,83.5,wet
Hanoi,2017-06-12,33.5,78.4,summer
Ho Chi Minh City,2017-06-12,30.0,86.0,wet
Hanoi,2017-06-13,33.5,75.9,summer
Ho Chi Minh City,2017-06-13,28.3,83.7,wet
Hanoi,2017-06-14,32.9,84.7,summer
Ho Chi Minh City,2017-06-14,26.0,82.7,wet
Hanoi,2017-06-15,27.9,70.6,summer
Ho Chi Minh City,2017-06-15,27.4,84.2,wet
Hanoi,2017-06-16,27.5,72.1,summer
Ho Chi Minh City,2017-06-16,27.8,79.5,wet
Hanoi,2017-06-17,29.0,78.9,summer
Ho Chi Minh City,2017-06-17,28.2,83.5,wet
Hanoi,2017-06-18,26.7,71.1,summer
Ho Chi Minh City,2017-06-18,27.8,88.4,wet
Hanoi,2017-06-19,30.9,88.8,summer
Ho Chi Minh City,2017-06-19,26.9,82.2,wet
Hanoi,2017-06-20,26.6,72.6,summer
Ho Chi Minh City,2017-06-20,29.2,77.3,wet
Hanoi,2017-06-21,31.8,73.2,summer
Ho Chi Minh City,2017-06-21,27.0,88.3,wet
Hanoi,2017-06-22,28.3,79.1,summer
Ho Chi Minh City,2017-06-22,26.6,87.2,wet
Hanoi,2017-06-23,28.2,71.2,summer
Ho Chi Minh City,2017-06-23,28.9,81.9,wet
Hanoi,2017-06-24,31.4,77.8,summer
Ho Chi Minh City,2017-06-24,28.3,88.4,wet
Hanoi,2017-06-25,30.1,88.9,summer
Ho Chi Minh City,2017-06-25,28.7,83.0,wet
Hanoi,2017-06-26,32.5,86.5,summer
Ho Chi Minh City,2017-06-26,28.6,75.8,wet
Hanoi,2017-06-27,28.4,73.2,summer
Ho Chi Minh City,2017-06-27,26.0,88.0,wet
Hanoi,2017-06-28,28.7,89.1,summer
Ho Chi Minh City,2017-06-28,26.5,77.7,wet
Hanoi,2017-06-29,28.4,89.9,summer
Ho Chi Minh City,2017-06-29,26.5,81.0,wet
Hanoi,2017-06-30,30.3,89.6,summer
Ho Chi Minh City,2017-06-30,29.5,78.8,wet
Hanoi,2017-07-01,28.9,73.2,summer
Ho Chi Minh City,2017-07-01,26.2,88.4,wet
Hanoi,2017-07-02,31.3,86.8,summer
Ho Chi Minh City,2017-07-02,27.5,91.6,wet
Hanoi,2017-07-03,31.9,81.3,summer
Ho Chi Minh City,2017-07-03,29.6,78.7,wet
Hanoi,2017-07-04,32.1,92.0,summer
Ho Chi Minh City,2017-07-04,28.4,86.4,wet
Hanoi,2017-07-05,30.5,79.3,summer
Ho Chi Minh City,2017-07-05,28.9,81.0,wet
Hanoi,2017-07-06,28.7,88.0,summer
Ho Chi Minh City,2017-07-06,28.2,92.3,wet
Hanoi,2017-07-07,32.4,92.7,summer
Ho Chi Minh City,2017-07-07,26.2,86.9,wet
Hanoi,2017-07-08,27.1,78.1,summer
Ho Chi Minh City,2017-07-08,26.3,83.7,wet
Hanoi,2017-07-09,27.5,78.5,summer
Ho Chi Minh City,2017-07-09,27.1,83.7,wet
Hanoi,2017-07-10,31.4,84.9,summer
Ho Chi Minh City,2017-07-10,26.1,83.0,wet
Hanoi,2017-07-11,31.2,85.2,summer
Ho Chi Minh City,2017-07-11,26.7,83.3,wet
Hanoi,2017-07-12,32.4,88.1,summer
Ho Chi Minh City,2017-07-12,26.9,87.8,wet
Hanoi,2017-07-13,27.3,84.4,summer
Ho Chi Minh City,2017-07-13,27.8,92.7,wet
Hanoi,2017-07-14,31.3,88.8,summer
Ho Chi Minh City,2017-07-14,29.6,86.9,wet
Hanoi,2017-07-15,33.0,74.1,summer
Ho Chi Minh City,2017-07-15,28.7,91.7,wet
Hanoi,2017-07-16,33.4,85.4,summer
Ho Chi Minh City,2017-07-16,28.3,81.0,wet
Hanoi,2017-07-17,30.8,89.3,summer
Ho Chi Minh City,2017-07-17,26.0,89.6,wet
Hanoi,2017-07-18,27.8,88.8,summer
Ho Chi Minh City,2017-07-18,26.6,88.9,wet
Hanoi,2017-07-19,30.2,78.2,summer
Ho Chi Minh City,2017-07-19,27.7,86.4,wet
Hanoi,2017-07-20,33.3,92.5,summer
Ho Chi Minh City,2017-07-20,28.2,89.0,wet
Hanoi,2017-07-21,29.6,80.1,summer
Ho Chi Minh City,2017-07-21,29.1,88.0,wet
Hanoi,2017-07-22,26.9,81.2,summer
Ho Chi Minh City,2017-07-22,28.6,87.8,wet
Hanoi,2017-07-23,26.9,89.0,summer
Ho Chi Minh City,2017-07-23,26.8,79.4,wet
Hanoi,2017-07-24,32.6,89.8,summer
Ho Chi Minh City,2017-07-24,29.0,84.0,wet
Hanoi,2017-07-25,28.4,88.2,summer
Ho Chi Minh City,2017-07-25,29.6,91.5,wet
Hanoi,2017-07-26,28.6,77.7,summer
Ho Chi Minh City,2017-07-26,28.9,88.4,wet
Hanoi,2017-07-27,30.6,81.7,summer
Ho Chi Minh City,2017-07-27,29.0,77.5,wet
Hanoi,2017-07-28,32.9,80.0,summer
Ho Chi Minh City,2017-07-28,27.5,89.5,wet
Hanoi,2017-07-29,33.2,83.5,summer
Ho Chi Minh City,2017-07-29,27.7,81.1,wet
Hanoi,2017-07-30,32.8,82.9,summer
Ho Chi Minh City,2017-07-30,28.4,92.7,wet
Hanoi,2017-07-31,32.3,88.2,summer
Ho Chi Minh City,2017-07-31,26.4,84.5,wet
Hanoi,2017-08-01,28.7,81.1,summer
Ho Chi Minh City,2017-08-01,26.8,87.0,wet
Hanoi,2017-08-02,30.2,79.5,summer
Ho Chi Minh City,2017-08-02,28.9,87.9,wet
Hanoi,2017-08-03,28.8,80.0,summer
Ho Chi Minh City,2017-08-03,27.0,87.7,wet
Hanoi,2017-08-04,28.5,77.6,summer
Ho Chi Minh City,2017-08-04,29.0,82.2,wet
Hanoi,2017-08-05,25.8,87.2,summer
Ho Chi Minh City,2017-08-05,27.0,92.7,wet
Hanoi,2017-08-06,29.7,77.1,summer
Ho Chi Minh City,2017-08-06,26.3,87.5,wet
Hanoi,2017-08-07,26.0,80.3,summer
Ho Chi Minh City,2017-08-07,28.2,80.1,wet
Hanoi,2017-08-08,32.0,89.3,summer
Ho Chi Minh City,2017-08-08,28.3,91.7,wet
Hanoi,2017-08-09,29.5,94.6,summer
Ho Chi Minh City,2017-08-09,27.8,81.1,wet
Hanoi,2017-08-10,27.5,92.1,summer
Ho Chi Minh City,2017-08-10,26.7,79.6,wet
Hanoi,2017-08-11,28.8,87.1,summer
Ho Chi Minh City,2017-08-11,27.6,83.3,wet
Hanoi,2017-08-12,25.7,78.5,summer
Ho Chi Minh City,2017-08-12,26.3,87.1,wet
Hanoi,2017-08-13,31.8,80.8,summer
Ho Chi Minh City,2017-08-13,26.9,89.4,wet
Hanoi,2017-08-14,29.4,86.6,summer
Ho Chi Minh City,2017-08-14,28.3,88.7,wet
Hanoi,2017-08-15,31.4,91.9,summer
Ho Chi Minh City,2017-08-15,27.4,86.4,wet
Hanoi,2017-08-16,30.1,89.6,summer
Ho Chi Minh City,2017-08-16,29.8,79.9,wet
Hanoi,2017-08-17,27.0,94.7,summer
Ho Chi Minh City,2017-08-17,29.4,87.3,wet
Hanoi,2017-08-18,26.4,89.2,summer
Ho Chi Minh City,2017-08-18,29.4,88.7,wet
Hanoi,2017-08-19,28.1,76.9,summer
Ho Chi Minh City,2017-08-19,26.2,83.8,wet
Hanoi,2017-08-20,29.5,90.3,summer
Ho Chi Minh City,2017-08-20,29.2,84.1,wet
Hanoi,2017-08-21,32.2,78.6,summer
Ho Chi Minh City,2017-08-21,27.9,85.0,wet
Hanoi,2017-08-22,28.9,80.0,summer
Ho Chi Minh City,2017-08-22,28.8,88.7,wet
Hanoi,2017-08-23,29.8,76.2,summer
Ho Chi Minh City,2017-08-23,26.7,82.4,wet
Hanoi,2017-08-24,25.7,75.9,summer
Ho Chi Minh City,2017-08-24,28.7,87.6,wet
Hanoi,2017-08-25,29.8,77.0,summer
Ho Chi Minh City,2017-08-25,28.4,79.8,wet
Hanoi,2017-08-26,30.9,91.4,summer
Ho Chi Minh City,2017-08-26,28.3,89.5,wet
Hanoi,2017-08-27,31.8,87.3,summer
Ho Chi Minh City,2017-08-27,26.4,83.4,wet
Hanoi,2017-08-28,29.4,79.6,summer
Ho Chi Minh City,2017-08-28,28.1,82.6,wet
Hanoi,2017-08-29,26.5,77.4,summer
Ho Chi Minh City,2017-08-29,26.5,80.0,wet
Hanoi,2017-08-30,28.5,86.3,summer
Ho Chi Minh City,2017-08-30,27.7,83.8,wet
Hanoi,2017-08-31,28.2,76.2,summer
Ho Chi Minh City,2017-08-31,27.6,86.3,wet
Hanoi,2017-09-01,28.2,79.7,fall
Ho Chi Minh City,2017-09-01,27.9,93.6,wet
Hanoi,2017-09-02,25.9,86.4,fall
Ho Chi Minh City,2017-09-02,26.1,84.8,wet
Hanoi,2017-09-03,26.5,92.9,fall
Ho Chi Minh City,2017-09-03,26.5,83.6,wet
Hanoi,2017-09-04,31.1,87.6,fall
Ho Chi Minh City,2017-09-04,27.9,89.4,wet
Hanoi,2017-09-05,27.6,76.7,fall
Ho Chi Minh City,2017-09-05,27.0,82.9,wet
Hanoi,2017-09-06,30.8,91.1,fall
Ho Chi Minh City,2017-09-06,28.0,83.4,wet
Hanoi,2017-09-07,28.4,82.4,fall
Ho Chi Minh City,2017-09-07,29.3,88.1,wet
Hanoi,2017-09-08,27.1,78.9,fall
Ho Chi Minh City,2017-09-08,26.0,80.3,wet
Hanoi,2017-09-09,30.6,73.0,fall
Ho Chi Minh City,2017-09-09,26.6,87.5,wet
Hanoi,2017-09-10,26.1,83.8,fall
Ho Chi Minh City,2017-09-10,27.9,91.0,wet
Hanoi,2017-09-11,28.7,80.8,fall
Ho Chi Minh City,2017-09-11,27.6,84.0,wet
Hanoi,2017-09-12,25.9,88.9,fall
Ho Chi Minh City,2017-09-12,27.1,86.7,wet
Hanoi,2017-09-13,28.6,83.4,fall
Ho Chi Minh City,2017-09-13,27.0,92.5,wet
Hanoi,2017-09-14,26.9,79.3,fall
Ho Chi Minh City,2017-09-14,26.4,89.3,wet
Hanoi,2017-09-15,25.7,83.3,fall
Ho Chi Minh City,2017-09-15,29.5,92.1,wet
Hanoi,2017-09-16,31.2,88.5,fall
Ho Chi Minh City,2017-09-16,28.0,83.3,wet
Hanoi,2017-09-17,31.1,84.9,fall
Ho Chi Minh City,2017-09-17,29.2,87.1,wet
Hanoi,2017-09-18,29.1,79.2,fall
Ho Chi Minh City,2017-09-18,28.4,88.5,wet
Hanoi,2017-09-19,30.4,86.3,fall
Ho Chi Minh City,2017-09-19,27.0,86.3,wet
Hanoi,2017-09-20,28.6,90.7,fall
Ho Chi Minh City,2017-09-20,27.2,88.3,wet
Hanoi,2017-09-21,29.7,90.4,fall
Ho Chi Minh City,2017-09-21,27.7,92.1,wet
Hanoi,2017-09-22,26.2,77.9,fall
Ho Chi Minh City,2017-09-22,26.0,86.9,wet
Hanoi,2017-09-23,24.6,88.3,fall
Ho Chi Minh City,2017-09-23,29.1,86.9,wet
Hanoi,2017-09-24,27.4,82.7,fall
Ho Chi Minh City,2017-09-24,29.3,88.5,wet
Hanoi,2017-09-25,25.1,81.6,fall
Ho Chi Minh City,2017-09-25,28.3,89.1,wet
Hanoi,2017-09-26,26.6,80.1,fall
Ho Chi Minh City,2017-09-26,27.3,91.4,wet
Hanoi,2017-09-27,26.0,79.1,fall
Ho Chi Minh City,2017-09-27,28.1,93.1,wet
Hanoi,2017-09-28,25.2,81.3,fall
Ho Chi Minh City,2017-09-28,26.2,84.2,wet
Hanoi,2017-09-29,29.4,87.8,fall
Ho Chi Minh City,2017-09-29,27.2,90.9,wet
Hanoi,2017-09-30,28.4,77.6,fall
Ho Chi Minh City,2017-09-30,29.2,92.7,wet
Hanoi,2017-10-01,24.8,82.7,fall
Ho Chi Minh City,2017-10-01,26.6,86.3,wet
Hanoi,2017-10-02,25.6,72.0,fall
Ho Chi Minh City,2017-10-02,28.6,87.5,wet
Hanoi,2017-10-03,25.0,82.0,fall
Ho Chi Minh City,2017-10-03,25.1,86.5,wet
Hanoi,2017-10-04,27.3,76.9,fall
Ho Chi Minh City,2017-10-04,28.8,82.2,wet
Hanoi,2017-10-05,27.6,71.6,fall
Ho Chi Minh City,2017-10-05,27.7,90.4,wet
Hanoi,2017-10-06,25.1,81.9,fall
Ho Chi Minh City,2017-10-06,26.3,86.8,wet
Hanoi,2017-10-07,27.6,83.6,fall
Ho Chi Minh City,2017-10-07,28.0,83.0,wet
Hanoi,2017-10-08,22.4,82.8,fall
Ho Chi Minh City,2017-10-08,27.6,86.2,wet
Hanoi,2017-10-09,26.4,73.0,fall
Ho Chi Minh City,2017-10-09,26.1,87.7,wet
Hanoi,2017-10-10,28.2,70.5,fall
Ho Chi Minh City,2017-10-10,28.9,92.4,wet
Hanoi,2017-10-11,22.2,78.2,fall
Ho Chi Minh City,2017-10-11,28.9,89.1,wet
Hanoi,2017-10-12,26.1,80.4,fall
Ho Chi Minh City,2017-10-12,27.8,85.8,wet
Hanoi,2017-10-13,26.5,87.7,fall
Ho Chi Minh City,2017-10-13,27.9,82.5,wet
Hanoi,2017-10-14,21.6,82.1,fall
Ho Chi Minh City,2017-10-14,27.0,81.9,wet
Hanoi,2017-10-15,27.3,80.7,fall
Ho Chi Minh City,2017-10-15,27.1,77.3,wet
Hanoi,2017-10-16,23.3,80.7,fall
Ho Chi Minh City,2017-10-16,28.1,77.4,wet
Hanoi,2017-10-17,26.0,84.2,fall
Ho Chi Minh City,2017-10-17,27.0,89.3,wet
Hanoi,2017-10-18,26.7,81.9,fall
Ho Chi Minh City,2017-10-18,27.8,77.5,wet
Hanoi,2017-10-19,22.3,82.0,fall
Ho Chi Minh City,2017-10-19,27.1,85.0,wet
Hanoi,2017-10-20,27.8,75.1,fall
Ho Chi Minh City,2017-10-20,26.2,77.2,wet
Hanoi,2017-10-21,26.0,81.7,fall
Ho Chi Minh City,2017-10-21,26.3,92.0,wet
Hanoi,2017-10-22,22.1,87.5,fall
Ho Chi Minh City,2017-10-22,25.9,87.4,wet
Hanoi,2017-10-23,23.1,80.4,fall
Ho Chi Minh City,2017-10-23,26.9,91.0,wet
Hanoi,2017-10-24,23.6,76.6,fall
Ho Chi Minh City,2017-10-24,25.4,92.8,wet
Hanoi,2017-10-25,28.0,73.7,fall
Ho Chi Minh City,2017-10-25,27.0,82.2,wet
Hanoi,2017-10-26,22.7,83.3,fall
Ho Chi Minh City,2017-10-26,28.5,78.7,wet
Hanoi,2017-10-27,27.4,83.9,fall
Ho Chi Minh City,2017-10-27,25.3,88.1,wet
Hanoi,2017-10-28,23.0,72.1,fall
Ho Chi Minh City,2017-10-28,28.1,91.8,wet
Hanoi,2017-10-29,27.7,71.7,fall
Ho Chi Minh City,2017-10-29,28.0,79.7,wet
Hanoi,2017-10-30,24.6,76.7,fall
Ho Chi Minh City,2017-10-30,25.6,81.8,wet
Hanoi,2017-10-31,24.8,78.1,fall
Ho Chi Minh City,2017-10-31,26.9,77.3,wet
Hanoi,2017-11-01,21.4,81.7,fall
Ho Chi Minh City,2017-11-01,27.8,86.8,wet
Hanoi,2017-11-02,21.8,75.8,fall
Ho Chi Minh City,2017-11-02,27.2,80.6,wet
Hanoi,2017-11-03,20.3,84.0,fall
Ho Chi Minh City,2017-11-03,26.5,82.2,wet
Hanoi,2017-11-04,24.4,68.4,fall
Ho Chi Minh City,2017-11-04,27.8,75.1,wet
Hanoi,2017-11-05,22.0,71.8,fall
Ho Chi Minh City,2017-11-05,28.2,78.9,wet
Hanoi,2017-11-06,21.4,73.8,fall
Ho Chi Minh City,2017-11-06,25.2,82.8,wet
Hanoi,2017-11-07,19.8,77.4,fall
Ho Chi Minh City,2017-11-07,25.0,85.8,wet
Hanoi,2017-11-08,22.0,69.9,fall
Ho Chi Minh City,2017-11-08,28.7,83.8,wet
Hanoi,2017-11-09,23.8,68.9,fall
Ho Chi Minh City,2017-11-09,26.5,79.3,wet
Hanoi,2017-11-10,19.7,74.8,fall
Ho Chi Minh City,2017-11-10,27.8,75.0,wet
Hanoi,2017-11-11,23.0,67.9,fall
Ho Chi Minh City,2017-11-11,26.7,83.0,wet
Hanoi,2017-11-12,19.7,78.2,fall
Ho Chi Minh City,2017-11-12,25.5,78.8,wet
Hanoi,2017-11-13,18.4,74.0,fall
Ho Chi Minh City,2017-11-13,25.7,83.7,wet
Hanoi,2017-11-14,23.6,81.6,fall
Ho Chi Minh City,2017-11-14,28.8,86.3,wet
Hanoi,2017-11-15,19.2,75.3,fall
Ho Chi Minh City,2017-11-15,27.1,84.8,wet
Hanoi,2017-11-16,23.5,65.1,fall
Ho Chi Minh City,2017-11-16,28.1,82.2,wet
Hanoi,2017-11-17,21.8,65.6,fall
Ho Chi Minh City,2017-11-17,28.6,77.3,wet
Hanoi,2017-11-18,23.4,70.7,fall
Ho Chi Minh City,2017-11-18,28.2,75.8,wet
Hanoi,2017-11-19,23.4,69.7,fall
Ho Chi Minh City,2017-11-19,27.3,87.5,wet
Hanoi,2017-11-20,23.3,76.2,fall
Ho Chi Minh City,2017-11-20,26.5,72.6,wet
Hanoi,2017-11-21,20.9,66.1,fall
Ho Chi Minh City,2017-11-21,28.6,84.2,wet
Hanoi,2017-11-22,21.5,81.8,fall
Ho Chi Minh City,2017-11-22,27.1,78.2,wet
Hanoi,2017-11-23,22.1,80.7,fall
Ho Chi Minh City,2017-11-23,26.2,82.3,wet
Hanoi,2017-11-24,18.1,66.7,fall
Ho Chi Minh City,2017-11-24,27.8,77.5,wet
Hanoi,2017-11-25,18.2,71.7,fall
Ho Chi Minh City,2017-11-25,27.2,79.7,wet
Hanoi,2017-11-26,18.5,71.8,fall
Ho Chi Minh City,2017-11-26,28.1,87.9,wet
Hanoi,2017-11-27,24.1,66.2,fall
Ho Chi Minh City,2017-11-27,25.3,87.5,wet
Hanoi,2017-11-28,22.5,82.4,fall
Ho Chi Minh City,2017-11-28,29.0,87.9,wet
Hanoi,2017-11-29,19.5,75.8,fall
Ho Chi Minh City,2017-11-29,27.6,78.9,wet
Hanoi,2017-11-30,20.4,75.4,fall
Ho Chi Minh City,2017-11-30,27.3,74.3,wet
Hanoi,2017-12-01,21.1,77.9,winter
Ho Chi Minh City,2017-12-01,24.2,73.6,dry
Hanoi,2017-12-02,16.7,70.4,winter
Ho Chi Minh City,2017-12-02,26.6,78.5,dry
Hanoi,2017-12-03,16.7,77.8,winter
Ho Chi Minh City,2017-12-03,24.1,77.3,dry
Hanoi,2017-12-04,15.3,84.1,winter
Ho Chi Minh City,2017-12-04,25.2,68.3,dry
Hanoi,2017-12-05,15.2,78.5,winter
Ho Chi Minh City,2017-12-05,27.1,74.4,dry
Hanoi,2017-12-06,15.4,71.6,winter
Ho Chi Minh City,2017-12-06,27.4,70.9,dry
Hanoi,2017-12-07,21.1,70.3,winter
Ho Chi Minh City,2017-12-07,26.8,69.7,dry
Hanoi,2017-12-08,16.0,69.3,winter
Ho Chi Minh City,2017-12-08,27.0,76.9,dry
Hanoi,2017-12-09,21.5,76.4,winter
Ho Chi Minh City,2017-12-09,25.7,70.0,dry
Hanoi,2017-12-10,15.5,67.5,winter
Ho Chi Minh City,2017-12-10,24.4,80.1,dry
Hanoi,2017-12-11,19.5,82.3,winter
Ho Chi Minh City,2017-12-11,27.8,72.5,dry
Hanoi,2017-12-12,18.7,83.3,winter
Ho Chi Minh City,2017-12-12,25.5,81.4,dry
Hanoi,2017-12-13,20.3,86.3,winter
Ho Chi Minh City,2017-12-13,26.6,80.5,dry
Hanoi,2017-12-14,21.2,72.8,winter
Ho Chi Minh City,2017-12-14,27.2,82.4,dry
Hanoi,2017-12-15,17.2,82.2,winter
Ho Chi Minh City,2017-12-15,26.9,78.3,dry
Hanoi,2017-12-16,19.6,76.3,winter
Ho Chi Minh City,2017-12-16,25.5,78.6,dry
Hanoi,2017-12-17,17.6,67.8,winter
Ho Chi Minh City,2017-12-17,27.6,71.1,dry
Hanoi,2017-12-18,18.3,86.4,winter
Ho Chi Minh City,2017-12-18,26.3,79.5,dry
Hanoi,2017-12-19,14.9,83.7,winter
Ho Chi Minh City,2017-12-19,25.9,79.0,dry
Hanoi,2017-12-20,18.4,77.4,winter
Ho Chi Minh City,2017-12-20,27.0,69.4,dry
Hanoi,2017-12-21,15.8,80.2,winter
Ho Chi Minh City,2017-12-21,27.2,75.8,dry
Hanoi,2017-12-22,17.8,68.4,winter
Ho Chi Minh City,2017-12-22,25.5,81.9,dry
Hanoi,2017-12-23,15.8,69.1,winter
Ho Chi Minh City,2017-12-23,25.8,69.3,dry
Hanoi,2017-12-24,14.7,84.2,winter
Ho Chi Minh City,2017-12-24,25.5,74.1,dry
Hanoi,2017-12-25,15.6,71.9,winter
Ho Chi Minh City,2017-12-25,26.5,71.6,dry
Hanoi,2017-12-26,21.1,83.2,winter
Ho Chi Minh City,2017-12-26,27.1,75.5,dry
Hanoi,2017-12-27,20.0,79.9,winter
Ho Chi Minh City,2017-12-27,24.8,81.2,dry
Hanoi,2017-12-28,17.2,67.2,winter
Ho Chi Minh City,2017-12-28,25.7,68.8,dry
Hanoi,2017-12-29,21.0,76.1,winter
Ho Chi Minh City,2017-12-29,27.3,77.6,dry
Hanoi,2017-12-30,20.9,80.8,winter
Ho Chi Minh City,2017-12-30,28.0,69.1,dry
Hanoi,2017-12-31,15.3,70.7,winter
Ho Chi Minh City,2017-12-31,25.9,67.7,dry
